number,filename,sens,content,class
1,中华人民共和国网络安全法,1,为了保障网络安全，维护网络空间主权和国家安全、社会公共利益，保护公民、法人和其他组织的合法权益，促进经济社会信息化健康发展，制定本法。,法规目的
,中华人民共和国网络安全法,2,在中华人民共和国境内建设、运营、维护和使用网络，以及网络安全的监督管理，适用本法。,法规部署
,中华人民共和国网络安全法,3,国家坚持网络安全与信息化发展并重，遵循积极利用、科学发展、依法管理、确保安全的方针，推进网络基础设施建设和互联互通，鼓励网络技术创新和应用，支持培养网络安全人才，建立健全网络安全保障体系，提高网络安全保护能力。,法规倡议
,中华人民共和国网络安全法,4,国家制定并不断完善网络安全战略，明确保障网络安全的基本要求和主要目标，提出重点领域的网络安全政策、工作任务和措施。,法规倡议
,中华人民共和国网络安全法,5,国家采取措施，监测、防御、处置来源于中华人民共和国境内外的网络安全风险和威胁，保护关键信息基础设施免受攻击、侵入、干扰和破坏，依法惩治网络违法犯罪活动，维护网络空间安全和秩序。,法规部署
,中华人民共和国网络安全法,6,国家倡导诚实守信、健康文明的网络行为，推动传播社会主义核心价值观，采取措施提高全社会的网络安全意识和水平，形成全社会共同参与促进网络安全的良好环境。,法规倡议
,中华人民共和国网络安全法,7,国家积极开展网络空间治理、网络技术研发和标准制定、打击网络违法犯罪等方面的国际交流与合作，推动构建和平、安全、开放、合作的网络空间，建立多边、民主、透明的网络治理体系。,法规倡议
,中华人民共和国网络安全法,8,国家网信部门负责统筹协调网络安全工作和相关监督管理工作。国务院电信主管部门、公安部门和其他有关机关依照本法和有关法律、行政法规的规定，在各自职责范围内负责网络安全保护和监督管理工作。县级以上地方人民政府有关部门的网络安全保护和监督管理职责，按照国家有关规定确定。,法规部署
,中华人民共和国网络安全法,9,网络运营者开展经营和服务活动，必须遵守法律、行政法规，尊重社会公德，遵守商业道德，诚实信用，履行网络安全保护义务，接受政府和社会的监督，承担社会责任。,运营者要求
,中华人民共和国网络安全法,10,建设、运营网络或者通过网络提供服务，应当依照法律、行政法规的规定和国家标准的强制性要求，采取技术措施和其他必要措施，保障网络安全、稳定运行，有效应对网络安全事件，防范网络违法犯罪活动，维护网络数据的完整性、保密性和可用性。,运营者要求
,中华人民共和国网络安全法,11,网络相关行业组织按照章程，加强行业自律，制定网络安全行为规范，指导会员加强网络安全保护，提高网络安全保护水平，促进行业健康发展。,法规倡议
,中华人民共和国网络安全法,12,国家保护公民、法人和其他组织依法使用网络的权利，促进网络接入普及，提升网络服务水平，为社会提供安全、便利的网络服务，保障网络信息依法有序自由流动。任何个人和组织使用网络应当遵守宪法法律，遵守公共秩序，尊重社会公德，不得危害网络安全，不得利用网络从事危害国家安全、荣誉和利益，煽动颠覆国家政权、推翻社会主义制度，煽动分裂国家、破坏国家统一，宣扬恐怖主义、极端主义，宣扬民族仇恨、民族歧视，传播暴力、淫秽色情信息，编造、传播虚假信息扰乱经济秩序和社会秩序，以及侵害他人名誉、隐私、知识产权和其他合法权益等活动。,使用者要求
,中华人民共和国网络安全法,13,国家支持研究开发有利于未成年人健康成长的网络产品和服务，依法惩治利用网络从事危害未成年人身心健康的活动，为未成年人提供安全、健康的网络环境。,法规倡议
,中华人民共和国网络安全法,14,任何个人和组织有权对危害网络安全的行为向网信、电信、公安等部门举报。收到举报的部门应当及时依法作出处理；不属于本部门职责的，应当及时移送有权处理的部门。有关部门应当对举报人的相关信息予以保密，保护举报人的合法权益。,法规部署
,中华人民共和国网络安全法,15,国家建立和完善网络安全标准体系。国务院标准化行政主管部门和国务院其他有关部门根据各自的职责，组织制定并适时修订有关网络安全管理以及网络产品、服务和运行安全的国家标准、行业标准。国家支持企业、研究机构、高等学校、网络相关行业组织参与网络安全国家标准、行业标准的制定。,法规部署
,中华人民共和国网络安全法,16,国务院和省、自治区、直辖市人民政府应当统筹规划，加大投入，扶持重点网络安全技术产业和项目，支持网络安全技术的研究开发和应用，推广安全可信的网络产品和服务，保护网络技术知识产权，支持企业、研究机构和高等学校等参与国家网络安全技术创新项目。,法规部署
,中华人民共和国网络安全法,17,国家推进网络安全社会化服务体系建设，鼓励有关企业、机构开展网络安全认证、检测和风险评估等安全服务。,法规倡议
,中华人民共和国网络安全法,18,国家鼓励开发网络数据安全保护和利用技术，促进公共数据资源开放，推动技术创新和经济社会发展。国家支持创新网络安全管理方式，运用网络新技术，提升网络安全保护水平。,法规倡议
,中华人民共和国网络安全法,19,各级人民政府及其有关部门应当组织开展经常性的网络安全宣传教育，并指导、督促有关单位做好网络安全宣传教育工作。大众传播媒介应当有针对性地面向社会进行网络安全宣传教育。,法规部署
,中华人民共和国网络安全法,20,国家支持企业和高等学校、职业学校等教育培训机构开展网络安全相关教育与培训，采取多种方式培养网络安全人才，促进网络安全人才交流。,法规倡议
,中华人民共和国网络安全法,21,"国家实行网络安全等级保护制度。网络运营者应当按照网络安全等级保护制度的要求，履行下列安全保护义务，保障网络免受干扰、破坏或者未经授权的访问，防止网络数据泄露或者被窃取、篡改：（一）制定内部安全管理制度和操作规程，确定网络安全负责人，落实网络安全保护责任；
　　（二）采取防范计算机病毒和网络攻击、网络侵入等危害网络安全行为的技术措施；
　　（三）采取监测、记录网络运行状态、网络安全事件的技术措施，并按照规定留存相关的网络日志不少于六个月；
　　（四）采取数据分类、重要数据备份和加密等措施；
　　（五）法律、行政法规规定的其他义务。",运营者要求
,中华人民共和国网络安全法,22,"网络产品、服务应当符合相关国家标准的强制性要求。网络产品、服务的提供者不得设置恶意程序；发现其网络产品、服务存在安全缺陷、漏洞等风险时，应当立即采取补救措施，按照规定及时告知用户并向有关主管部门报告。
　　网络产品、服务的提供者应当为其产品、服务持续提供安全维护；在规定或者当事人约定的期限内，不得终止提供安全维护。
　　网络产品、服务具有收集用户信息功能的，其提供者应当向用户明示并取得同意；涉及用户个人信息的，还应当遵守本法和有关法律、行政法规关于个人信息保护的规定。",运营者要求
,中华人民共和国网络安全法,23,网络关键设备和网络安全专用产品应当按照相关国家标准的强制性要求，由具备资格的机构安全认证合格或者安全检测符合要求后，方可销售或者提供。国家网信部门会同国务院有关部门制定、公布网络关键设备和网络安全专用产品目录，并推动安全认证和安全检测结果互认，避免重复认证、检测。,法规部署
,中华人民共和国网络安全法,24,"网络运营者为用户办理网络接入、域名注册服务，办理固定电话、移动电话等入网手续，或者为用户提供信息发布、即时通讯等服务，在与用户签订协议或者确认提供服务时，应当要求用户提供真实身份信息。用户不提供真实身份信息的，网络运营者不得为其提供相关服务。
　　国家实施网络可信身份战略，支持研究开发安全、方便的电子身份认证技术，推动不同电子身份认证之间的互认。",运营者要求
,中华人民共和国网络安全法,25,网络运营者应当制定网络安全事件应急预案，及时处置系统漏洞、计算机病毒、网络攻击、网络侵入等安全风险；在发生危害网络安全的事件时，立即启动应急预案，采取相应的补救措施，并按照规定向有关主管部门报告。,运营者要求
,中华人民共和国网络安全法,26,开展网络安全认证、检测、风险评估等活动，向社会发布系统漏洞、计算机病毒、网络攻击、网络侵入等网络安全信息，应当遵守国家有关规定。,运营者要求
,中华人民共和国网络安全法,27,任何个人和组织不得从事非法侵入他人网络、干扰他人网络正常功能、窃取网络数据等危害网络安全的活动；不得提供专门用于从事侵入网络、干扰网络正常功能及防护措施、窃取网络数据等危害网络安全活动的程序、工具；明知他人从事危害网络安全的活动的，不得为其提供技术支持、广告推广、支付结算等帮助。,使用者要求
,中华人民共和国网络安全法,28,网络运营者应当为公安机关、国家安全机关依法维护国家安全和侦查犯罪的活动提供技术支持和协助。,运营者要求
,中华人民共和国网络安全法,29,"国家支持网络运营者之间在网络安全信息收集、分析、通报和应急处置等方面进行合作，提高网络运营者的安全保障能力。
　　有关行业组织建立健全本行业的网络安全保护规范和协作机制，加强对网络安全风险的分析评估，定期向会员进行风险警示，支持、协助会员应对网络安全风险。",运营者要求
,中华人民共和国网络安全法,30,网信部门和有关部门在履行网络安全保护职责中获取的信息，只能用于维护网络安全的需要，不得用于其他用途。,法规部署
,中华人民共和国网络安全法,31,"国家对公共通信和信息服务、能源、交通、水利、金融、公共服务、电子政务等重要行业和领域，以及其他一旦遭到破坏、丧失功能或者数据泄露，可能严重危害国家安全、国计民生、公共利益的关键信息基础设施，在网络安全等级保护制度的基础上，实行重点保护。关键信息基础设施的具体范围和安全保护办法由国务院制定。
　　国家鼓励关键信息基础设施以外的网络运营者自愿参与关键信息基础设施保护体系。",法规部署
,中华人民共和国网络安全法,32,按照国务院规定的职责分工，负责关键信息基础设施安全保护工作的部门分别编制并组织实施本行业、本领域的关键信息基础设施安全规划，指导和监督关键信息基础设施运行安全保护工作。,法规部署
,中华人民共和国网络安全法,33,建设关键信息基础设施应当确保其具有支持业务稳定、持续运行的性能，并保证安全技术措施同步规划、同步建设、同步使用。,法规部署
,中华人民共和国网络安全法,34,"除本法第二十一条的规定外，关键信息基础设施的运营者还应当履行下列安全保护义务：
　　（一）设置专门安全管理机构和安全管理负责人，并对该负责人和关键岗位的人员进行安全背景审查；
　　（二）定期对从业人员进行网络安全教育、技术培训和技能考核；
　　（三）对重要系统和数据库进行容灾备份；
　　（四）制定网络安全事件应急预案，并定期进行演练；
　　（五）法律、行政法规规定的其他义务。",运营者要求
,中华人民共和国网络安全法,35,关键信息基础设施的运营者采购网络产品和服务，可能影响国家安全的，应当通过国家网信部门会同国务院有关部门组织的国家安全审查。,法规部署
,中华人民共和国网络安全法,36,关键信息基础设施的运营者采购网络产品和服务，应当按照规定与提供者签订安全保密协议，明确安全和保密义务与责任。,运营者要求
,中华人民共和国网络安全法,37,关键信息基础设施的运营者在中华人民共和国境内运营中收集和产生的个人信息和重要数据应当在境内存储。因业务需要，确需向境外提供的，应当按照国家网信部门会同国务院有关部门制定的办法进行安全评估；法律、行政法规另有规定的，依照其规定。,运营者要求
,中华人民共和国网络安全法,38,关键信息基础设施的运营者应当自行或者委托网络安全服务机构对其网络的安全性和可能存在的风险每年至少进行一次检测评估，并将检测评估情况和改进措施报送相关负责关键信息基础设施安全保护工作的部门。,运营者要求
,中华人民共和国网络安全法,39,"国家网信部门应当统筹协调有关部门对关键信息基础设施的安全保护采取下列措施：
　　（一）对关键信息基础设施的安全风险进行抽查检测，提出改进措施，必要时可以委托网络安全服务机构对网络存在的安全风险进行检测评估；
　　（二）定期组织关键信息基础设施的运营者进行网络安全应急演练，提高应对网络安全事件的水平和协同配合能力；
　　（三）促进有关部门、关键信息基础设施的运营者以及有关研究机构、网络安全服务机构等之间的网络安全信息共享；
　　（四）对网络安全事件的应急处置与网络功能的恢复等，提供技术支持和协助。",法规部署
,中华人民共和国网络安全法,40,网络运营者应当对其收集的用户信息严格保密，并建立健全用户信息保护制度。,运营者要求
,中华人民共和国网络安全法,41,"网络运营者收集、使用个人信息，应当遵循合法、正当、必要的原则，公开收集、使用规则，明示收集、使用信息的目的、方式和范围，并经被收集者同意。
　　网络运营者不得收集与其提供的服务无关的个人信息，不得违反法律、行政法规的规定和双方的约定收集、使用个人信息，并应当依照法律、行政法规的规定和与用户的约定，处理其保存的个人信息。",运营者要求
,中华人民共和国网络安全法,42,"网络运营者不得泄露、篡改、毁损其收集的个人信息；未经被收集者同意，不得向他人提供个人信息。但是，经过处理无法识别特定个人且不能复原的除外。
　　网络运营者应当采取技术措施和其他必要措施，确保其收集的个人信息安全，防止信息泄露、毁损、丢失。在发生或者可能发生个人信息泄露、毁损、丢失的情况时，应当立即采取补救措施，按照规定及时告知用户并向有关主管部门报告。",运营者要求
,中华人民共和国网络安全法,43,个人发现网络运营者违反法律、行政法规的规定或者双方的约定收集、使用其个人信息的，有权要求网络运营者删除其个人信息；发现网络运营者收集、存储的其个人信息有错误的，有权要求网络运营者予以更正。网络运营者应当采取措施予以删除或者更正。,法规倡议
,中华人民共和国网络安全法,44,任何个人和组织不得窃取或者以其他非法方式获取个人信息，不得非法出售或者非法向他人提供个人信息。,使用者要求
,中华人民共和国网络安全法,45,依法负有网络安全监督管理职责的部门及其工作人员，必须对在履行职责中知悉的个人信息、隐私和商业秘密严格保密，不得泄露、出售或者非法向他人提供。,法规部署
,中华人民共和国网络安全法,46,任何个人和组织应当对其使用网络的行为负责，不得设立用于实施诈骗，传授犯罪方法，制作或者销售违禁物品、管制物品等违法犯罪活动的网站、通讯群组，不得利用网络发布涉及实施诈骗，制作或者销售违禁物品、管制物品以及其他违法犯罪活动的信息。,使用者要求
,中华人民共和国网络安全法,47,网络运营者应当加强对其用户发布的信息的管理，发现法律、行政法规禁止发布或者传输的信息的，应当立即停止传输该信息，采取消除等处置措施，防止信息扩散，保存有关记录，并向有关主管部门报告。,运营者要求
,中华人民共和国网络安全法,48,"任何个人和组织发送的电子信息、提供的应用软件，不得设置恶意程序，不得含有法律、行政法规禁止发布或者传输的信息。
　　电子信息发送服务提供者和应用软件下载服务提供者，应当履行安全管理义务，知道其用户有前款规定行为的，应当停止提供服务，采取消除等处置措施，保存有关记录，并向有关主管部门报告。",使用者要求
,中华人民共和国网络安全法,49,"网络运营者应当建立网络信息安全投诉、举报制度，公布投诉、举报方式等信息，及时受理并处理有关网络信息安全的投诉和举报。
　　网络运营者对网信部门和有关部门依法实施的监督检查，应当予以配合。",运营者要求
,中华人民共和国网络安全法,50,国家网信部门和有关部门依法履行网络信息安全监督管理职责，发现法律、行政法规禁止发布或者传输的信息的，应当要求网络运营者停止传输，采取消除等处置措施，保存有关记录；对来源于中华人民共和国境外的上述信息，应当通知有关机构采取技术措施和其他必要措施阻断传播。,法规部署
,中华人民共和国网络安全法,51,国家建立网络安全监测预警和信息通报制度。国家网信部门应当统筹协调有关部门加强网络安全信息收集、分析和通报工作，按照规定统一发布网络安全监测预警信息。,法规部署
,中华人民共和国网络安全法,52,负责关键信息基础设施安全保护工作的部门，应当建立健全本行业、本领域的网络安全监测预警和信息通报制度，并按照规定报送网络安全监测预警信息。,法规部署
,中华人民共和国网络安全法,53,"国家网信部门协调有关部门建立健全网络安全风险评估和应急工作机制，制定网络安全事件应急预案，并定期组织演练。
　　负责关键信息基础设施安全保护工作的部门应当制定本行业、本领域的网络安全事件应急预案，并定期组织演练。
　　网络安全事件应急预案应当按照事件发生后的危害程度、影响范围等因素对网络安全事件进行分级，并规定相应的应急处置措施。",法规部署
,中华人民共和国网络安全法,54,"网络安全事件发生的风险增大时，省级以上人民政府有关部门应当按照规定的权限和程序，并根据网络安全风险的特点和可能造成的危害，采取下列措施：
　　（一）要求有关部门、机构和人员及时收集、报告有关信息，加强对网络安全风险的监测；
　　（二）组织有关部门、机构和专业人员，对网络安全风险信息进行分析评估，预测事件发生的可能性、影响范围和危害程度；
　　（三）向社会发布网络安全风险预警，发布避免、减轻危害的措施。",法规部署
,中华人民共和国网络安全法,55,发生网络安全事件，应当立即启动网络安全事件应急预案，对网络安全事件进行调查和评估，要求网络运营者采取技术措施和其他必要措施，消除安全隐患，防止危害扩大，并及时向社会发布与公众有关的警示信息。,运营者要求
,中华人民共和国网络安全法,56,省级以上人民政府有关部门在履行网络安全监督管理职责中，发现网络存在较大安全风险或者发生安全事件的，可以按照规定的权限和程序对该网络的运营者的法定代表人或者主要负责人进行约谈。网络运营者应当按照要求采取措施，进行整改，消除隐患。,法规部署
,中华人民共和国网络安全法,57,因网络安全事件，发生突发事件或者生产安全事故的，应当依照《中华人民共和国突发事件应对法》、《中华人民共和国安全生产法》等有关法律、行政法规的规定处置。,法规部署
,中华人民共和国网络安全法,58,因维护国家安全和社会公共秩序，处置重大突发社会安全事件的需要，经国务院决定或者批准，可以在特定区域对网络通信采取限制等临时措施。,法规部署
,中华人民共和国网络安全法,59,"网络运营者不履行本法第二十一条、第二十五条规定的网络安全保护义务的，由有关主管部门责令改正，给予警告；拒不改正或者导致危害网络安全等后果的，处一万元以上十万元以下罚款，对直接负责的主管人员处五千元以上五万元以下罚款。
　　关键信息基础设施的运营者不履行本法第三十三条、第三十四条、第三十六条、第三十八条规定的网络安全保护义务的，由有关主管部门责令改正，给予警告；拒不改正或者导致危害网络安全等后果的，处十万元以上一百万元以下罚款，对直接负责的主管人员处一万元以上十万元以下罚款。",惩罚
,中华人民共和国网络安全法,60,"违反本法第二十二条第一款、第二款和第四十八条第一款规定，有下列行为之一的，由有关主管部门责令改正，给予警告；拒不改正或者导致危害网络安全等后果的，处五万元以上五十万元以下罚款，对直接负责的主管人员处一万元以上十万元以下罚款：
　　（一）设置恶意程序的；
　　（二）对其产品、服务存在的安全缺陷、漏洞等风险未立即采取补救措施，或者未按照规定及时告知用户并向有关主管部门报告的；
　　（三）擅自终止为其产品、服务提供安全维护的。",惩罚
,中华人民共和国网络安全法,61,网络运营者违反本法第二十四条第一款规定，未要求用户提供真实身份信息，或者对不提供真实身份信息的用户提供相关服务的，由有关主管部门责令改正；拒不改正或者情节严重的，处五万元以上五十万元以下罚款，并可以由有关主管部门责令暂停相关业务、停业整顿、关闭网站、吊销相关业务许可证或者吊销营业执照，对直接负责的主管人员和其他直接责任人员处一万元以上十万元以下罚款。,惩罚
,中华人民共和国网络安全法,62,违反本法第二十六条规定，开展网络安全认证、检测、风险评估等活动，或者向社会发布系统漏洞、计算机病毒、网络攻击、网络侵入等网络安全信息的，由有关主管部门责令改正，给予警告；拒不改正或者情节严重的，处一万元以上十万元以下罚款，并可以由有关主管部门责令暂停相关业务、停业整顿、关闭网站、吊销相关业务许可证或者吊销营业执照，对直接负责的主管人员和其他直接责任人员处五千元以上五万元以下罚款。,惩罚
,中华人民共和国网络安全法,63,"违反本法第二十七条规定，从事危害网络安全的活动，或者提供专门用于从事危害网络安全活动的程序、工具，或者为他人从事危害网络安全的活动提供技术支持、广告推广、支付结算等帮助，尚不构成犯罪的，由公安机关没收违法所得，处五日以下拘留，可以并处五万元以上五十万元以下罚款；情节较重的，处五日以上十五日以下拘留，可以并处十万元以上一百万元以下罚款。
　　单位有前款行为的，由公安机关没收违法所得，处十万元以上一百万元以下罚款，并对直接负责的主管人员和其他直接责任人员依照前款规定处罚。
　　违反本法第二十七条规定，受到治安管理处罚的人员，五年内不得从事网络安全管理和网络运营关键岗位的工作；受到刑事处罚的人员，终身不得从事网络安全管理和网络运营关键岗位的工作。",惩罚
,中华人民共和国网络安全法,64,"网络运营者、网络产品或者服务的提供者违反本法第二十二条第三款、第四十一条至第四十三条规定，侵害个人信息依法得到保护的权利的，由有关主管部门责令改正，可以根据情节单处或者并处警告、没收违法所得、处违法所得一倍以上十倍以下罚款，没有违法所得的，处一百万元以下罚款，对直接负责的主管人员和其他直接责任人员处一万元以上十万元以下罚款；情节严重的，并可以责令暂停相关业务、停业整顿、关闭网站、吊销相关业务许可证或者吊销营业执照。
　　违反本法第四十四条规定，窃取或者以其他非法方式获取、非法出售或者非法向他人提供个人信息，尚不构成犯罪的，由公安机关没收违法所得，并处违法所得一倍以上十倍以下罚款，没有违法所得的，处一百万元以下罚款。",惩罚
,中华人民共和国网络安全法,65,关键信息基础设施的运营者违反本法第三十五条规定，使用未经安全审查或者安全审查未通过的网络产品或者服务的，由有关主管部门责令停止使用，处采购金额一倍以上十倍以下罚款；对直接负责的主管人员和其他直接责任人员处一万元以上十万元以下罚款。,惩罚
,中华人民共和国网络安全法,66,关键信息基础设施的运营者违反本法第三十七条规定，在境外存储网络数据，或者向境外提供网络数据的，由有关主管部门责令改正，给予警告，没收违法所得，处五万元以上五十万元以下罚款，并可以责令暂停相关业务、停业整顿、关闭网站、吊销相关业务许可证或者吊销营业执照；对直接负责的主管人员和其他直接责任人员处一万元以上十万元以下罚款。,惩罚
,中华人民共和国网络安全法,67,"违反本法第四十六条规定，设立用于实施违法犯罪活动的网站、通讯群组，或者利用网络发布涉及实施违法犯罪活动的信息，尚不构成犯罪的，由公安机关处五日以下拘留，可以并处一万元以上十万元以下罚款；情节较重的，处五日以上十五日以下拘留，可以并处五万元以上五十万元以下罚款。关闭用于实施违法犯罪活动的网站、通讯群组。
　　单位有前款行为的，由公安机关处十万元以上五十万元以下罚款，并对直接负责的主管人员和其他直接责任人员依照前款规定处罚。",惩罚
,中华人民共和国网络安全法,68,"网络运营者违反本法第四十七条规定，对法律、行政法规禁止发布或者传输的信息未停止传输、采取消除等处置措施、保存有关记录的，由有关主管部门责令改正，给予警告，没收违法所得；拒不改正或者情节严重的，处十万元以上五十万元以下罚款，并可以责令暂停相关业务、停业整顿、关闭网站、吊销相关业务许可证或者吊销营业执照，对直接负责的主管人员和其他直接责任人员处一万元以上十万元以下罚款。
　　电子信息发送服务提供者、应用软件下载服务提供者，不履行本法第四十八条第二款规定的安全管理义务的，依照前款规定处罚。",惩罚
,中华人民共和国网络安全法,69,"网络运营者违反本法规定，有下列行为之一的，由有关主管部门责令改正；拒不改正或者情节严重的，处五万元以上五十万元以下罚款，对直接负责的主管人员和其他直接责任人员，处一万元以上十万元以下罚款：
　　（一）不按照有关部门的要求对法律、行政法规禁止发布或者传输的信息，采取停止传输、消除等处置措施的；
　　（二）拒绝、阻碍有关部门依法实施的监督检查的；
　　（三）拒不向公安机关、国家安全机关提供技术支持和协助的。",惩罚
,中华人民共和国网络安全法,70,发布或者传输本法第十二条第二款和其他法律、行政法规禁止发布或者传输的信息的，依照有关法律、行政法规的规定处罚。,惩罚
,中华人民共和国网络安全法,71,有本法规定的违法行为的，依照有关法律、行政法规的规定记入信用档案，并予以公示。,惩罚
,中华人民共和国网络安全法,72,国家机关政务网络的运营者不履行本法规定的网络安全保护义务的，由其上级机关或者有关机关责令改正；对直接负责的主管人员和其他直接责任人员依法给予处分。,惩罚
,中华人民共和国网络安全法,73,"网信部门和有关部门违反本法第三十条规定，将在履行网络安全保护职责中获取的信息用于其他用途的，对直接负责的主管人员和其他直接责任人员依法给予处分。
　　网信部门和有关部门的工作人员玩忽职守、滥用职权、徇私舞弊，尚不构成犯罪的，依法给予处分。",惩罚
,中华人民共和国网络安全法,74,"违反本法规定，给他人造成损害的，依法承担民事责任。
　　违反本法规定，构成违反治安管理行为的，依法给予治安管理处罚；构成犯罪的，依法追究刑事责任。",惩罚
,中华人民共和国网络安全法,75,境外的机构、组织、个人从事攻击、侵入、干扰、破坏等危害中华人民共和国的关键信息基础设施的活动，造成严重后果的，依法追究法律责任；国务院公安部门和有关部门并可以决定对该机构、组织、个人采取冻结财产或者其他必要的制裁措施。,惩罚
13,互联网域名管理办法,1,为了规范互联网域名服务，保护用户合法权益，保障互联网域名系统安全、可靠运行，推动中文域名和国家顶级域名发展和应用，促进中国互联网健康发展，根据《中华人民共和国行政许可法》《国务院对确需保留的行政审批项目设定行政许可的决定》等规定，参照国际上互联网域名管理准则，制定本办法。,法规目的
,互联网域名管理办法,2,在中华人民共和国境内从事互联网域名服务及其运行维护、监督管理等相关活动，应当遵守本办法。,法规部署
,互联网域名管理办法,3,"工业和信息化部对全国的域名服务实施监督管理，主要职责是：
　　（一）制定互联网域名管理规章及政策；
　　（二）制定中国互联网域名体系、域名资源发展规划；
　　（三）管理境内的域名根服务器运行机构和域名注册管理机构；
　　（四）负责域名体系的网络与信息安全管理；
　　（五）依法保护用户个人信息和合法权益；
　　（六）负责与域名有关的国际协调；
　　（七）管理境内的域名解析服务；
　　（八）管理其他与域名服务相关的活动。",法规部署
,互联网域名管理办法,4,"各省、自治区、直辖市通信管理局对本行政区域内的域名服务实施监督管理，主要职责是：
　　（一）贯彻执行域名管理法律、行政法规、规章和政策；
　　（二）管理本行政区域内的域名注册服务机构；
　　（三）协助工业和信息化部对本行政区域内的域名根服务器运行机构和域名注册管理机构进行管理；
　　（四）负责本行政区域内域名系统的网络与信息安全管理；
　　（五）依法保护用户个人信息和合法权益；
　　（六）管理本行政区域内的域名解析服务；
　　（七）管理本行政区域内其他与域名服务相关的活动。",法规部署
,互联网域名管理办法,5,中国互联网域名体系由工业和信息化部予以公告。根据域名发展的实际情况，工业和信息化部可以对中国互联网域名体系进行调整。,法规部署
,互联网域名管理办法,6,"“.CN”和“.中国”是中国的国家顶级域名。
　　中文域名是中国互联网域名体系的重要组成部分。国家鼓励和支持中文域名系统的技术研究和推广应用。",法规倡议
,互联网域名管理办法,7,提供域名服务，应当遵守国家相关法律法规，符合相关技术规范和标准。,运营者要求
,互联网域名管理办法,8,任何组织和个人不得妨碍互联网域名系统的安全和稳定运行。,使用者要求
,互联网域名管理办法,9,在境内设立域名根服务器及域名根服务器运行机构、域名注册管理机构和域名注册服务机构的，应当依据本办法取得工业和信息化部或者省、自治区、直辖市通信管理局（以下统称电信管理机构）的相应许可。,法规部署
,互联网域名管理办法,10,"申请设立域名根服务器及域名根服务器运行机构的，应当具备以下条件：
　　（一）域名根服务器设置在境内，并且符合互联网发展相关规划及域名系统安全稳定运行要求；
　　（二）是依法设立的法人，该法人及其主要出资者、主要经营管理人员具有良好的信用记录； 
　　（三）具有保障域名根服务器安全可靠运行的场地、资金、环境、专业人员和技术能力以及符合电信管理机构要求的信息管理系统；
　　（四）具有健全的网络与信息安全保障措施，包括管理人员、网络与信息安全管理制度、应急处置预案和相关技术、管理措施等；
　　（五）具有用户个人信息保护能力、提供长期服务的能力及健全的服务退出机制；
　　（六）法律、行政法规规定的其他条件。",运营者要求
,互联网域名管理办法,11,"申请设立域名注册管理机构的，应当具备以下条件：
　　（一）域名管理系统设置在境内，并且持有的顶级域名符合相关法律法规及域名系统安全稳定运行要求；
　　（二）是依法设立的法人，该法人及其主要出资者、主要经营管理人员具有良好的信用记录；
　　（三）具有完善的业务发展计划和技术方案以及与从事顶级域名运行管理相适应的场地、资金、专业人员以及符合电信管理机构要求的信息管理系统；
　　（四）具有健全的网络与信息安全保障措施，包括管理人员、网络与信息安全管理制度、应急处置预案和相关技术、管理措施等；
　　（五）具有进行真实身份信息核验和用户个人信息保护的能力、提供长期服务的能力及健全的服务退出机制；
　　（六）具有健全的域名注册服务管理制度和对域名注册服务机构的监督机制；
　　（七）法律、行政法规规定的其他条件。",运营者要求
,互联网域名管理办法,12,"申请设立域名注册服务机构的，应当具备以下条件：
　　（一）在境内设置域名注册服务系统、注册数据库和相应的域名解析系统；
　　（二）是依法设立的法人，该法人及其主要出资者、主要经营管理人员具有良好的信用记录；
　　（三）具有与从事域名注册服务相适应的场地、资金和专业人员以及符合电信管理机构要求的信息管理系统；
　　（四）具有进行真实身份信息核验和用户个人信息保护的能力、提供长期服务的能力及健全的服务退出机制；
　　（五）具有健全的域名注册服务管理制度和对域名注册代理机构的监督机制；
　　（六）具有健全的网络与信息安全保障措施，包括管理人员、网络与信息安全管理制度、应急处置预案和相关技术、管理措施等；
　　（七）法律、行政法规规定的其他条件。",运营者要求
,互联网域名管理办法,13,"申请设立域名根服务器及域名根服务器运行机构、域名注册管理机构的，应当向工业和信息化部提交申请材料。申请设立域名注册服务机构的，应当向住所地省、自治区、直辖市通信管理局提交申请材料。
　　申请材料应当包括：
　　（一）申请单位的基本情况及其法定代表人签署的依法诚信经营承诺书；
　　（二）对域名服务实施有效管理的证明材料，包括相关系统及场所、服务能力的证明材料、管理制度、与其他机构签订的协议等；
　　（三）网络与信息安全保障制度及措施；
　　（四）证明申请单位信誉的材料。",运营者要求
,互联网域名管理办法,14,申请材料齐全、符合法定形式的，电信管理机构应当向申请单位出具受理申请通知书；申请材料不齐全或者不符合法定形式的，电信管理机构应当场或者在5个工作日内一次性书面告知申请单位需要补正的全部内容；不予受理的，应当出具不予受理通知书并说明理由。,法规部署
,互联网域名管理办法,15,"电信管理机构应当自受理之日起20个工作日内完成审查，作出予以许可或者不予许可的决定。20个工作日内不能作出决定的，经电信管理机构负责人批准，可以延长10个工作日，并将延长期限的理由告知申请单位。需要组织专家论证的，论证时间不计入审查期限。
　　予以许可的，应当颁发相应的许可文件；不予许可的，应当书面通知申请单位并说明理由。",法规部署
,互联网域名管理办法,16,域名根服务器运行机构、域名注册管理机构和域名注册服务机构的许可有效期为5年。,法规定义
,互联网域名管理办法,17,域名根服务器运行机构、域名注册管理机构和域名注册服务机构的名称、住所、法定代表人等信息发生变更的，应当自变更之日起20日内向原发证机关办理变更手续。,运营者要求
,互联网域名管理办法,18,"在许可有效期内，域名根服务器运行机构、域名注册管理机构、域名注册服务机构拟终止相关服务的，应当提前30日书面通知用户，提出可行的善后处理方案，并向原发证机关提交书面申请。
　　原发证机关收到申请后，应当向社会公示30日。公示期结束60日内，原发证机关应当完成审查并做出决定。",运营者要求
,互联网域名管理办法,19,许可有效期届满需要继续从事域名服务的，应当提前90日向原发证机关申请延续；不再继续从事域名服务的，应当提前90日向原发证机关报告并做好善后工作。,运营者要求
,互联网域名管理办法,20,"域名注册服务机构委托域名注册代理机构开展市场销售等工作的，应当对域名注册代理机构的工作进行监督和管理。
　　域名注册代理机构受委托开展市场销售等工作的过程中，应当主动表明代理关系，并在域名注册服务合同中明示相关域名注册服务机构名称及代理关系。",运营者要求
,互联网域名管理办法,21,域名注册管理机构、域名注册服务机构应当在境内设立相应的应急备份系统并定期备份域名注册数据。,运营者要求
,互联网域名管理办法,22,"域名根服务器运行机构、域名注册管理机构、域名注册服务机构应当在其网站首页和经营场所显著位置标明其许可相关信息。域名注册管理机构还应当标明与其合作的域名注册服务机构名单。
　　域名注册代理机构应当在其网站首页和经营场所显著位置标明其代理的域名注册服务机构名称。",运营者要求
,互联网域名管理办法,23,域名根服务器运行机构、域名注册管理机构和域名注册服务机构应当向用户提供安全、方便、稳定的服务。,运营者要求
,互联网域名管理办法,24,域名注册管理机构应当根据本办法制定域名注册实施细则并向社会公开。,运营者要求
,互联网域名管理办法,25,"域名注册管理机构应当通过电信管理机构许可的域名注册服务机构开展域名注册服务。
　　域名注册服务机构应当按照电信管理机构许可的域名注册服务项目提供服务，不得为未经电信管理机构许可的域名注册管理机构提供域名注册服务。",运营者要求
,互联网域名管理办法,26,域名注册服务原则上实行“先申请先注册”，相应域名注册实施细则另有规定的，从其规定。,法规定义
,互联网域名管理办法,27,为维护国家利益和社会公众利益，域名注册管理机构应当建立域名注册保留字制度。,运营者要求
,互联网域名管理办法,28,"任何组织或者个人注册、使用的域名中，不得含有下列内容：
　　（一）反对宪法所确定的基本原则的
　　（二）危害国家安全，泄露国家秘密，颠覆国家政权，破坏国家统一的
　　（三）损害国家荣誉和利益的
　　（四）煽动民族仇恨、民族歧视，破坏民族团结的
　　（五）破坏国家宗教政策，宣扬邪教和封建迷信的
　　（六）散布谣言，扰乱社会秩序，破坏社会稳定的
　　（七）散布淫秽、色情、赌博、暴力、凶杀、恐怖或者教唆犯罪的
　　（八）侮辱或者诽谤他人，侵害他人合法权益的
　　（九）含有法律、行政法规禁止的其他内容的。
　　域名注册管理机构、域名注册服务机构不得为含有前款所列内容的域名提供服务。",运营者要求
,互联网域名管理办法,29,域名注册服务机构不得采用欺诈、胁迫等不正当手段要求他人注册域名。,运营者要求
,互联网域名管理办法,30,"域名注册服务机构提供域名注册服务，应当要求域名注册申请者提供域名持有者真实、准确、完整的身份信息等域名注册信息。
　　域名注册管理机构和域名注册服务机构应当对域名注册信息的真实性、完整性进行核验。
　　域名注册申请者提供的域名注册信息不准确、不完整的，域名注册服务机构应当要求其予以补正。申请者不补正或者提供不真实的域名注册信息的，域名注册服务机构不得为其提供域名注册服务。",运营者要求
,互联网域名管理办法,31,域名注册服务机构应当公布域名注册服务的内容、时限、费用，保证服务质量，提供域名注册信息的公共查询服务。,运营者要求
,互联网域名管理办法,32,域名注册管理机构、域名注册服务机构应当依法存储、保护用户个人信息。未经用户同意不得将用户个人信息提供给他人，但法律、行政法规另有规定的除外。,运营者要求
,互联网域名管理办法,33,"域名持有者的联系方式等信息发生变更的，应当在变更后30日内向域名注册服务机构办理域名注册信息变更手续。
　　域名持有者将域名转让给他人的，受让人应当遵守域名注册的相关要求。",运营者要求
,互联网域名管理办法,34,"域名持有者有权选择、变更域名注册服务机构。变更域名注册服务机构的，原域名注册服务机构应当配合域名持有者转移其域名注册相关信息。
　　无正当理由的，域名注册服务机构不得阻止域名持有者变更域名注册服务机构。
　　电信管理机构依法要求停止解析的域名，不得变更域名注册服务机构。",运营者要求
,互联网域名管理办法,35,"域名注册管理机构和域名注册服务机构应当设立投诉受理机制，并在其网站首页和经营场所显著位置公布投诉受理方式。
　　域名注册管理机构和域名注册服务机构应当及时处理投诉；不能及时处理的，应当说明理由和处理时限。",运营者要求
,互联网域名管理办法,36,提供域名解析服务，应当遵守有关法律、法规、标准，具备相应的技术、服务和网络与信息安全保障能力，落实网络与信息安全保障措施，依法记录并留存域名解析日志、维护日志和变更记录，保障解析服务质量和解析系统安全。涉及经营电信业务的，应当依法取得电信业务经营许可。,运营者要求
,互联网域名管理办法,37,"提供域名解析服务，不得擅自篡改解析信息。
　　任何组织或者个人不得恶意将域名解析指向他人的IP地址。",运营者要求
,互联网域名管理办法,38,提供域名解析服务，不得为含有本办法第二十八条第一款所列内容的域名提供域名跳转。,运营者要求
,互联网域名管理办法,39,从事互联网信息服务的，其使用域名应当符合法律法规和电信管理机构的有关规定，不得将域名用于实施违法行为。,运营者要求
,互联网域名管理办法,40,"域名注册管理机构、域名注册服务机构应当配合国家有关部门依法开展的检查工作，并按照电信管理机构的要求对存在违法行为的域名采取停止解析等处置措施。
　　域名注册管理机构、域名注册服务机构发现其提供服务的域名发布、传输法律和行政法规禁止发布或者传输的信息的，应当立即采取消除、停止解析等处置措施，防止信息扩散，保存有关记录，并向有关部门报告。",运营者要求
,互联网域名管理办法,41,"域名根服务器运行机构、域名注册管理机构和域名注册服务机构应当遵守国家相关法律、法规和标准，落实网络与信息安全保障措施，配置必要的网络通信应急设备，建立健全网络与信息安全监测技术手段和应急制度。域名系统出现网络与信息安全事件时，应当在24小时内向电信管理机构报告。
　　因国家安全和处置紧急事件的需要，域名根服务器运行机构、域名注册管理机构和域名注册服务机构应当服从电信管理机构的统一指挥与协调，遵守电信管理机构的管理要求。",运营者要求
,互联网域名管理办法,42,任何组织或者个人认为他人注册或者使用的域名侵害其合法权益的，可以向域名争议解决机构申请裁决或者依法向人民法院提起诉讼。,使用者要求
,互联网域名管理办法,43,"已注册的域名有下列情形之一的，域名注册服务机构应当予以注销，并通知域名持有者：
　　（一）域名持有者申请注销域名的；
　　（二）域名持有者提交虚假域名注册信息的；
　　（三）依据人民法院的判决、域名争议解决机构的裁决，应当注销的；
　　（四）法律、行政法规规定予以注销的其他情形。",运营者要求
,互联网域名管理办法,44,"电信管理机构应当加强对域名服务的监督检查。域名根服务器运行机构、域名注册管理机构、域名注册服务机构应当接受、配合电信管理机构的监督检查。
　　鼓励域名服务行业自律管理，鼓励公众监督域名服务。",运营者要求
,互联网域名管理办法,45,域名根服务器运行机构、域名注册管理机构、域名注册服务机构应当按照电信管理机构的要求，定期报送业务开展情况、安全运行情况、网络与信息安全责任落实情况、投诉和争议处理情况等信息。,运营者要求
,互联网域名管理办法,46,"电信管理机构实施监督检查时，应当对域名根服务器运行机构、域名注册管理机构和域名注册服务机构报送的材料进行审核，并对其执行法律法规和电信管理机构有关规定的情况进行检查。
　　电信管理机构可以委托第三方专业机构开展有关监督检查活动。",法规部署
,互联网域名管理办法,47,电信管理机构应当建立域名根服务器运行机构、域名注册管理机构和域名注册服务机构的信用记录制度，将其违反本办法并受到行政处罚的行为记入信用档案。,法规部署
,互联网域名管理办法,48,电信管理机构开展监督检查，不得妨碍域名根服务器运行机构、域名注册管理机构和域名注册服务机构正常的经营和服务活动，不得收取任何费用，不得泄露所知悉的域名注册信息。,法规部署
,互联网域名管理办法,49,违反本办法第九条规定，未经许可擅自设立域名根服务器及域名根服务器运行机构、域名注册管理机构、域名注册服务机构的，电信管理机构应当根据《中华人民共和国行政许可法》第八十一条的规定，采取措施予以制止，并视情节轻重，予以警告或者处一万元以上三万元以下罚款。,惩罚
,互联网域名管理办法,50,"违反本办法规定，域名注册管理机构或者域名注册服务机构有下列行为之一的，由电信管理机构依据职权责令限期改正，并视情节轻重，处一万元以上三万元以下罚款，向社会公告:
　　（一）为未经许可的域名注册管理机构提供域名注册服务,或者通过未经许可的域名注册服务机构开展域名注册服务的；
　　（二）未按照许可的域名注册服务项目提供服务的；
　　（三）未对域名注册信息的真实性、完整性进行核验的；
　　（四）无正当理由阻止域名持有者变更域名注册服务机构的。",惩罚
,互联网域名管理办法,51,"违反本办法规定，提供域名解析服务，有下列行为之一的，由电信管理机构责令限期改正，可以视情节轻重处一万元以上三万元以下罚款，向社会公告：
　　（一）擅自篡改域名解析信息或者恶意将域名解析指向他人IP地址的；
　　（二）为含有本办法第二十八条第一款所列内容的域名提供域名跳转的；
　　（三）未落实网络与信息安全保障措施的；
　　（四）未依法记录并留存域名解析日志、维护日志和变更记录的；
　　（五）未按照要求对存在违法行为的域名进行处置的。",惩罚
,互联网域名管理办法,52,"违反本办法第十七条、第十八条第一款、第二十一条、第二十二条、第二十八条第二款、第二十九条、第三十一条、第三十二条、第三十五条第一款、第四十条第二款、第四十一条规定的，由电信管理机构依据职权责令限期改正,可以并处一万元以上三万元以下罚款，向社会公告。",惩罚
,互联网域名管理办法,53,法律、行政法规对有关违法行为的处罚另有规定的，依照有关法律、行政法规的规定执行。,惩罚
,互联网域名管理办法,54,任何组织或者个人违反本办法第二十八条第一款规定注册、使用域名，构成犯罪的，依法追究刑事责任；尚不构成犯罪的，由有关部门依法予以处罚。,惩罚
,互联网论坛社区服务管理规定 ,1,为规范互联网论坛社区服务，促进互联网论坛社区行业健康有序发展，保护公民、法人和其他组织的合法权益，维护国家安全和公共利益，根据《中华人民共和国网络安全法》《国务院关于授权国家互联网信息办公室负责互联网信息内容管理工作的通知》，制定本规定。,法规目的
,互联网论坛社区服务管理规定 ,2,在中华人民共和国境内从事互联网论坛社区服务，适用本规定。,法规部署
,互联网论坛社区服务管理规定 ,3,国家互联网信息办公室负责全国互联网论坛社区服务的监督管理执法工作。地方互联网信息办公室依据职责负责本行政区域内互联网论坛社区服务的监督管理执法工作。,法规部署
,互联网论坛社区服务管理规定 ,4,鼓励互联网论坛社区服务行业组织建立健全行业自律制度和行业准则，指导互联网论坛社区服务提供者建立健全服务规范，督促互联网论坛社区服务提供者依法提供服务、接受社会监督，提高互联网论坛社区服务从业人员的职业素养。,法规倡导
,互联网论坛社区服务管理规定 ,5,互联网论坛社区服务提供者应当落实主体责任，建立健全信息审核、公共信息实时巡查、应急处置及个人信息保护等信息安全管理制度，具有安全可控的防范措施，配备与服务规模相适应的专业人员，为有关部门依法履行职责提供必要的技术支持。,法规倡导
,互联网论坛社区服务管理规定 ,6,"互联网论坛社区服务提供者不得利用互联网论坛社区服务发布、传播法律法规和国家有关规定禁止的信息。
    互联网论坛社区服务提供者应当与用户签订协议，明确用户不得利用互联网论坛社区服务发布、传播法律法规和国家有关规定禁止的信息，情节严重的，服务提供者将封禁或者关闭有关账号、版块；明确论坛社区版块发起者、管理者应当履行与其权利相适应的义务，对违反法律规定和协议约定、履行责任义务不到位的，服务提供者应当依法依约限制或取消其管理权限，直至封禁或者关闭有关账号、版块。",运营者要求
,互联网论坛社区服务管理规定 ,7,互联网论坛社区服务提供者应当加强对其用户发布信息的管理，发现含有法律法规和国家有关规定禁止的信息的，应当立即停止传输该信息，采取消除等处置措施，保存有关记录，并及时向国家或者地方互联网信息办公室报告。,运营者要求
,互联网论坛社区服务管理规定 ,8,"互联网论坛社区服务提供者应当按照“后台实名、前台自愿”的原则，要求用户通过真实身份信息认证后注册账号，并对版块发起者和管理者实施真实身份信息备案、定期核验等。用户不提供真实身份信息的，互联网论坛社区服务提供者不得为其提供信息发布服务。
    互联网论坛社区服务提供者应当加强对注册用户虚拟身份信息、版块名称简介等的审核管理，不得出现法律法规和国家有关规定禁止的内容。
    互联网论坛社区服务提供者应当保护用户身份信息，不得泄露、篡改、毁损，不得非法出售或者非法向他人提供。",运营者要求
,互联网论坛社区服务管理规定 ,9,互联网论坛社区服务提供者及其从业人员，不得通过发布、转载、删除信息或者干预呈现结果等手段，谋取不正当利益。,运营者要求
,互联网论坛社区服务管理规定 ,10,互联网论坛社区服务提供者开展经营和服务活动，必须遵守法律法规，尊重社会公德，遵守商业道德，诚实信用，承担社会责任。,运营者要求
,互联网论坛社区服务管理规定 ,11,互联网论坛社区服务提供者应当建立健全公众投诉、举报制度，在显著位置公布投诉、举报方式，主动接受公众监督，及时处理公众投诉、举报。国家和地方互联网信息办公室依据职责，对举报受理落实情况进行监督检查。,运营者要求
,互联网论坛社区服务管理规定 ,12,互联网论坛社区服务提供者违反本规定的，由有关部门依照相关法律法规处理。,运营者要求
,互联网信息服务管理办法 ,1,为了规范互联网信息服务活动，促进互联网信息服务健康有序发展，制定本办法。,法规目的
,互联网信息服务管理办法 ,2,在中华人民共和国境内从事互联网信息服务活动，必须遵守本办法。,法规部署
,互联网信息服务管理办法 ,3,"互联网信息服务分为经营性和非经营性两类。
　　经营性互联网信息服务，是指通过互联网向上网用户有偿提供信息或者网页制作等服务活动。
　　非经营性互联网信息服务，是指通过互联网向上网用户无偿提供具有公开性、共享性信息的服务活动。",法规定义
,互联网信息服务管理办法 ,4,"国家对经营性互联网信息服务实行许可制度；对非经营性互联网信息服务实行备案制度。
　　未取得许可或者未履行备案手续的，不得从事互联网信息服务。",法规定义
,互联网信息服务管理办法 ,5,从事新闻、出版、教育、医疗保健、药品和医疗器械等互联网信息服务，依照法律、行政法规以及国家有关规定须经有关主管部门审核同意的，在申请经营许可或者履行备案手续前，应当依法经有关主管部门审核同意。,法规定义
,互联网信息服务管理办法 ,6,"从事经营性互联网信息服务，除应当符合《中华人民共和国电信条例》规定的要求外，还应当具备下列条件：
　　(一)有业务发展计划及相关技术方案；
　　(二)有健全的网络与信息安全保障措施，包括网站安全保障措施、信息安全保密管理制度、用户信息安全管理制度；
　　(三)服务项目属于本办法第五条规定范围的，已取得有关主管部门同意的文件。",运营者要求
,互联网信息服务管理办法 ,7,"从事经营性互联网信息服务，应当向省、自治区、直辖市电信管理机构或者国务院信息产业主管部门申请办理互联网信息服务增值电信业务经营许可证(以下简称经营许可证)。
　　省、自治区、直辖市电信管理机构或者国务院信息产业主管部门应当自收到申请之日起60日内审查完毕，作出批准或者不予批准的决定。予以批准的，颁发经营许可证；不予批准的，应当书面通知申请人并说明理由。
　　申请人取得经营许可证后，应当持经营许可证向企业登记机关办理登记手续。",法规部署
,互联网信息服务管理办法 ,8,"从事非经营性互联网信息服务，应当向省、自治区、直辖市电信管理机构或者国务院信息产业主管部门办理备案手续。办理备案时，应当提交下列材料：
　　(一)主办单位和网站负责人的基本情况；
　　(二)网站网址和服务项目；
　　(三)服务项目属于本办法第五条规定范围的，已取得有关主管部门的同意文件。
　　省、自治区、直辖市电信管理机构对备案材料齐全的，应当予以备案并编号。",运营者要求
,互联网信息服务管理办法 ,9,从事互联网信息服务，拟开办电子公告服务的，应当在申请经营性互联网信息服务许可或者办理非经营性互联网信息服务备案时，按照国家有关规定提出专项申请或者专项备案。,运营者要求
,互联网信息服务管理办法 ,10,省、自治区、直辖市电信管理机构和国务院信息产业主管部门应当公布取得经营许可证或者已履行备案手续的互联网信息服务提供者名单。,法规部署
,互联网信息服务管理办法 ,11,"互联网信息服务提供者应当按照经许可或者备案的项目提供服务，不得超出经许可或者备案的项目提供服务。
　　非经营性互联网信息服务提供者不得从事有偿服务。
　　互联网信息服务提供者变更服务项目、网站网址等事项的，应当提前30日向原审核、发证或者备案机关办理变更手续。",运营者要求
,互联网信息服务管理办法 ,12,互联网信息服务提供者应当在其网站主页的显著位置标明其经营许可证编号或者备案编号。,运营者要求
,互联网信息服务管理办法 ,13,互联网信息服务提供者应当向上网用户提供良好的服务，并保证所提供的信息内容合法。,运营者要求
,互联网信息服务管理办法 ,14,"从事新闻、出版以及电子公告等服务项目的互联网信息服务提供者，应当记录提供的信息内容及其发布时间、互联网地址或者域名；互联网接入服务提供者应当记录上网用户的上网时间、用户帐号、互联网地址或者域名、主叫电话号码等信息。
　　互联网信息服务提供者和互联网接入服务提供者的记录备份应当保存60日，并在国家有关机关依法查询时，予以提供。",运营者要求
,互联网信息服务管理办法 ,15,"互联网信息服务提供者不得制作、复制、发布、传播含有下列内容的信息：
　　(一)反对宪法所确定的基本原则的；
　　(二)危害国家安全，泄露国家秘密，颠覆国家政权，破坏国家统一的；
　　(三)损害国家荣誉和利益的；
　　(四)煽动民族仇恨、民族歧视，破坏民族团结的；
　　(五)破坏国家宗教政策，宣扬邪教和封建迷信的；
　　(六)散布谣言，扰乱社会秩序，破坏社会稳定的；
　　(七)散布淫秽、色情、赌博、暴力、凶杀、恐怖或者教唆犯罪的；
　　(八)侮辱或者诽谤他人，侵害他人合法权益的；
　　(九)含有法律、行政法规禁止的其他内容的。",运营者要求
,互联网信息服务管理办法 ,16,互联网信息服务提供者发现其网站传输的信息明显属于本办法第十五条所列内容之一的，应当立即停止传输，保存有关记录，并向国家有关机关报告。,运营者要求
,互联网信息服务管理办法 ,17,经营性互联网信息服务提供者申请在境内境外上市或者同外商合资、合作，应当事先经国务院信息产业主管部门审查同意；其中，外商投资的比例应当符合有关法律、行政法规的规定。,运营者要求
,互联网信息服务管理办法 ,18,"国务院信息产业主管部门和省、自治区、直辖市电信管理机构，依法对互联网信息服务实施监督管理。
　　新闻、出版、教育、卫生、药品监督管理、工商行政管理和公安、国家安全等有关主管部门，在各自职责范围内依法对互联网信息内容实施监督管理。",法规部署
,互联网信息服务管理办法 ,19,"违反本办法的规定，未取得经营许可证，擅自从事经营性互联网信息服务，或者超出许可的项目提供服务的，由省、自治区、直辖市电信管理机构责令限期改正，有违法所得的，没收违法所得，处违法所得3倍以上5倍以下的罚款；没有违法所得或者违法所得不足5万元的，处10万元以上100万元以下的罚款；情节严重的，责令关闭网站。
　　违反本办法的规定，未履行备案手续，擅自从事非经营性互联网信息服务，或者超出备案的项目提供服务的，由省、自治区、直辖市电信管理机构责令限期改正；拒不改正的，责令关闭网站。",惩罚
,互联网信息服务管理办法 ,20,制作、复制、发布、传播本办法第十五条所列内容之一的信息，构成犯罪的，依法追究刑事责任；尚不构成犯罪的，由公安机关、国家安全机关依照《中华人民共和国治安管理处罚法》、《计算机信息网络国际联网安全保护管理办法》等有关法律、行政法规的规定予以处罚；对经营性互联网信息服务提供者，并由发证机关责令停业整顿直至吊销经营许可证，通知企业登记机关；对非经营性互联网信息服务提供者，并由备案机关责令暂时关闭网站直至关闭网站。,惩罚
,互联网信息服务管理办法 ,21,未履行本办法第十四条规定的义务的，由省、自治区、直辖市电信管理机构责令改正；情节严重的，责令停业整顿或者暂时关闭网站。,惩罚
,互联网信息服务管理办法 ,22,违反本办法的规定，未在其网站主页上标明其经营许可证编号或者备案编号的，由省、自治区、直辖市电信管理机构责令改正，处5000元以上5万元以下的罚款。,惩罚
,互联网信息服务管理办法 ,23,违反本办法第十六条规定的义务的，由省、自治区、直辖市电信管理机构责令改正；情节严重的，对经营性互联网信息服务提供者，并由发证机关吊销经营许可证，对非经营性互联网信息服务提供者，并由备案机关责令关闭网站。,惩罚
,互联网信息服务管理办法 ,24,互联网信息服务提供者在其业务活动中，违反其他法律、法规的，由新闻、出版、教育、卫生、药品监督管理和工商行政管理等有关主管部门依照有关法律、法规的规定处罚。,惩罚
,互联网信息服务管理办法 ,25,电信管理机构和其他有关主管部门及其工作人员，玩忽职守、滥用职权、徇私舞弊，疏于对互联网信息服务的监督管理，造成严重后果，构成犯罪的，依法追究刑事责任；尚不构成犯罪的，对直接负责的主管人员和其他直接责任人员依法给予降级、撤职直至开除的行政处分。,惩罚
,互联网信息搜索服务管理规定,1,为规范互联网信息搜索服务，促进互联网信息搜索行业健康有序发展，保护公民、法人和其他组织的合法权益，维护国家安全和公共利益，根据《全国人民代表大会常务委员会关于加强网络信息保护的决定》和《国务院关于授权国家互联网信息办公室负责互联网信息内容管理工作的通知》，制定本规定。,法规目的
,互联网信息搜索服务管理规定,2,在中华人民共和国境内从事互联网信息搜索服务，适用本规定。,法规部署
,互联网信息搜索服务管理规定,3,国家互联网信息办公室负责全国互联网信息搜索服务的监督管理执法工作。地方互联网信息办公室依据职责负责本行政区域内互联网信息搜索服务的监督管理执法工作。,法规部署
,互联网信息搜索服务管理规定,4,互联网信息搜索服务行业组织应当建立健全行业自律制度和行业准则，指导互联网信息搜索服务提供者建立健全服务规范，督促互联网信息搜索服务提供者依法提供服务、接受社会监督，提高互联网信息搜索服务从业人员的职业素养。,法规倡议
,互联网信息搜索服务管理规定,,互联网信息搜索服务提供者应当取得法律法规规定的相关资质。,运营者要求
,互联网信息搜索服务管理规定,5,互联网信息搜索服务提供者应当落实主体责任，建立健全信息审核、公共信息实时巡查、应急处置及个人信息保护等信息安全管理制度，具有安全可控的防范措施，为有关部门依法履行职责提供必要的技术支持。,运营者要求
,互联网信息搜索服务管理规定,6,互联网信息搜索服务提供者不得以链接、摘要、快照、联想词、相关搜索、相关推荐等形式提供含有法律法规禁止的信息内容。,运营者要求
,互联网信息搜索服务管理规定,7,互联网信息搜索服务提供者提供服务过程中发现搜索结果明显含有法律法规禁止内容的信息、网站及应用，应当停止提供相关搜索结果，保存有关记录，并及时向国家或者地方互联网信息办公室报告。,运营者要求
,互联网信息搜索服务管理规定,8,互联网信息搜索服务提供者及其从业人员，不得通过断开相关链接或者提供含有虚假信息的搜索结果等手段，牟取不正当利益。,运营者要求
,互联网信息搜索服务管理规定,9,互联网信息搜索服务提供者应当提供客观、公正、权威的搜索结果，不得损害国家利益、公共利益，以及公民、法人和其他组织的合法权益。,运营者要求
,互联网信息搜索服务管理规定,10,"互联网信息搜索服务提供者提供付费搜索信息服务，应当依法查验客户有关资质，明确付费搜索信息页面比例上限，醒目区分自然搜索结果与付费搜索信息，对付费搜索信息逐条加注显著标识。
    互联网信息搜索服务提供者提供商业广告信息服务，应当遵守相关法律法规。",运营者要求
,互联网信息搜索服务管理规定,11,互联网信息搜索服务提供者应当建立健全公众投诉、举报和用户权益保护制度，在显著位置公布投诉、举报方式，主动接受公众监督，及时处理公众投诉、举报，依法承担对用户权益造成损害的赔偿责任。,运营者要求
,非经营性互联网信息服务备案管理办法,1,为规范非经营性互联网信息服务备案及备案管理，促进互联网信息服务业的健康发展，根据《互联网信息服务管理办法》、《中华人民共和国电信条例》及其他相关法律、行政法规的规定，制定本办法。,法规目的
,非经营性互联网信息服务备案管理办法,2,在中华人民共和国境内提供非经营性互联网信息服务，履行备案手续，实施备案管理，适用本办法。,法规部署
,非经营性互联网信息服务备案管理办法,3,"中华人民共和国信息产业部（以下简称“信息产业部”）对全国非经营性互联网信息服务备案管理工作进行监督指导，省、自治区、直辖市通信管理局（以下简称“省通信管理局”）具体实施非经营性互联网信息服务的备案管理工作。
拟从事非经营性互联网信息服务的，应当向其住所所在地省通信管理局履行备案手续。",法规部署
,非经营性互联网信息服务备案管理办法,4,"省通信管理局在备案管理中应当遵循公开、公平、公正的原则，提供便民、优质、高效的服务。
非经营性互联网信息服务提供者从事非经营性互联网信息服务时，应当遵守国家的有关规定，接受有关部门依法实施的监督管理。",法规倡议
,非经营性互联网信息服务备案管理办法,5,"在中华人民共和国境内提供非经营性互联网信息服务，应当依法履行备案手续。
未经备案，不得在中华人民共和国境内从事非经营性互联网信息服务。
本办法所称在中华人民共和国境内提供非经营性互联网信息服务，是指在中华人民共和国境内的组织或个人利用通过互联网域名访问的网站或者利用仅能通过互联网IP地址访问的网站，提供非经营性互联网信息服务。",法规定义
,非经营性互联网信息服务备案管理办法,6,省通信管理局通过信息产业部备案管理系统，采用网上备案方式进行备案管理。,法规部署
,非经营性互联网信息服务备案管理办法,7,"拟从事非经营性互联网信息服务的，应当通过信息产业部备案管理系统如实填报《非经营性互联网信息服务备案登记表》（以下简称“《备案登记表》”，格式见本办法附录），履行备案手续。
信息产业部根据实际情况，对《备案登记表》进行调整和公布。",法规部署
,非经营性互联网信息服务备案管理办法,8,拟通过接入经营性互联网络从事非经营性互联网信息服务的，可以委托因特网接入服务业务经营者、因特网数据中心业务经营者和以其他方式为其网站提供接入服务的电信业务经营者代为履行备案、备案变更、备案注销等手续。,法规部署
,非经营性互联网信息服务备案管理办法,9,拟通过接入中国教育和科研计算机网、中国科学技术网、中国国际经济贸易互联网、中国长城互联网等公益性互联网络从事非经营性互联网信息服务的，可以由为其网站提供互联网接入服务的公益性互联网络单位代为履行备案、备案变更、备案注销等手续。 ,运营者要求
,非经营性互联网信息服务备案管理办法,10,因特网接入服务业务经营者、因特网数据中心业务经营者以及以其他方式为网站提供接入服务的电信业务经营者和公益性互联网络单位（以下统称“互联网接入服务提供者”）不得在已知或应知拟从事非经营性互联网信息服务的组织或者个人的备案信息不真实的情况下，为其代为履行备案、备案变更、备案注销等手续。,运营者要求
,非经营性互联网信息服务备案管理办法,11,"拟从事新闻、出版、教育、医疗保健、药品和医疗器械、文化、广播电影电视节目等互联网信息服务，根据法律、行政法规以及国家有关规定应经有关主管部门审核同意的，在履行备案手续时，还应向其住所所在地省通信管理局提交相关主管部门审核同意的文件。
拟从事电子公告服务的，在履行备案手续时，还应当向其住所所在地省通信管理局提交电子公告服务专项备案材料。",运营者要求
,非经营性互联网信息服务备案管理办法,12,省通信管理局在收到备案人提交的备案材料后，材料齐全的，应在二十个工作日内予以备案，向其发放备案电子验证标识和备案编号，并通过信息产业部备案管理系统向社会公布有关备案信息；材料不齐全的，不予备案，在二十个工作日内通知备案人并说明理由。,法规部署
,非经营性互联网信息服务备案管理办法,13,"非经营性互联网信息服务提供者应当在其网站开通时在主页底部的中央位置标明其备案编号，并在备案编号下方按要求链接信息产业部备案管理系统网址，供公众查询核对。
非经营性互联网信息服务提供者应当在其网站开通时，按照信息产业部备案管理系统的要求，将备案电子验证标识放置在其网站的指定目录下。",运营者要求
,非经营性互联网信息服务备案管理办法,14,非经营性互联网信息服务提供者在备案有效期内需要变更其《备案登记表》中填报的信息的，应当提前三十日登陆信息产业部备案系统向原备案机关履行备案变更手续。,运营者要求
,非经营性互联网信息服务备案管理办法,15,非经营性互联网信息服务提供者在备案有效期内需要终止提供服务的，应当在服务终止之日登陆信息产业部备案系统向原备案机关履行备案注销手续。,运营者要求
,非经营性互联网信息服务备案管理办法,16,"非经营性互联网信息服务提供者应当保证所提供的信息内容合法。
本办法所称非经营性互联网信息服务提供者提供的信息内容，是指互联网信息服务提供者的网站的互联网域名或IP地址下所包括的信息内容。",运营者要求
,非经营性互联网信息服务备案管理办法,17,省通信管理局应当建立信誉管理、社会监督、情况调查等管理机制，对非经营性互联网信息服务活动实施监督管理。,法规部署
,非经营性互联网信息服务备案管理办法,18,"互联网接入服务提供者不得为未经备案的组织或者个人从事非经营性互联网信息服务提供互联网接入服务。
对被省通信管理局处以暂时关闭网站或关闭网站处罚的非经营性互联网信息服务提供者或者非法从事非经营性互联网信息服务的组织或者个人，互联网接入服务提供者应立即暂停或终止向其提供互联网接入服务。",运营者要求
,非经营性互联网信息服务备案管理办法,19,"互联网接入服务提供者应当记录其接入的非经营性互联网信息服务提供者的备案信息。
互联网接入服务提供者应当依照国家有关规定做好用户信息动态管理、记录留存、有害信息报告等网络信息安全管理工作，根据信息产业部和省通信管理局的要求对所接入用户进行监督。",运营者要求
,非经营性互联网信息服务备案管理办法,20,"省通信管理局依法对非经营性互联网信息服务备案实行年度审核。
省通信管理局通过信息产业部备案管理系统，采用网上方式进行年度审核。",法规部署
,非经营性互联网信息服务备案管理办法,21, 非经营性互联网信息服务提供者应当在每年规定时间登陆信息产业部备案管理系统，履行年度审核手续。,运营者要求
,非经营性互联网信息服务备案管理办法,22,"违反本办法第五条的规定，未履行备案手续提供非经营性互联网信息服务的，由住所所在地省通信管理局责令限期改正，并处一万元罚款；拒不改正的，关闭网站。
超出备案的项目提供服务的，由住所所在地省通信管理局责令限期改正，并处五千元以上一万元以下罚款；拒不改正的，关闭网站并注销备案。",惩罚
,非经营性互联网信息服务备案管理办法,23,违反本办法第七条第一款的规定，填报虚假备案信息的，由住所所在地省通信管理局关闭网站并注销备案。,惩罚
,非经营性互联网信息服务备案管理办法,24,违反本办法第十条、第十八条、第十九条的规定的，由违法行为发生地省通信管理局责令改正，并处一万元罚款。,惩罚
,非经营性互联网信息服务备案管理办法,25,违反本办法第十三条的规定，未在其备案编号下方链接信息产业部备案管理系统网址的，或未将备案电子验证标识放置在其网站指定目录下的，由住所所在地省通信管理局责令改正，并处五千元以上一万元以下罚款。,惩罚
,非经营性互联网信息服务备案管理办法,26,违反本办法第十四条、第十五条的规定，未在规定时间履行备案变更手续，或未依法履行备案注销手续的，由住所所在地省通信管理局责令限期改正，并处一万元罚款。,惩罚
,非经营性互联网信息服务备案管理办法,27,非经营性信息服务提供者违反国家有关法律规定，依法应暂停或终止服务的，省通信管理局可根据法律、行政法规授权的同级机关的书面认定意见，暂时关闭网站，或关闭网站并注销备案。,惩罚
,非经营性互联网信息服务备案管理办法,28,"在年度审核时，非经营性互联网信息服务提供者有下列情况之一的，由其住所所在地的省通信管理局通过信息产业部备案系统等媒体通告责令其限期改正；拒不改正的，关闭网站并注销备案：
（一）未在规定时间登陆备案网站提交年度审核信息的；
（二）新闻、教育、公安、安全、文化、广播电影电视、出版、保密等国家部门依法对各自主管的专项内容提出年度审核否决意见的。",惩罚
,工业和信息化部关于规范互联网信息服务使用域名的通知,1,互联网信息服务提供者从事互联网信息服务使用的域名应为其依法依规注册所有。,法规定义
,工业和信息化部关于规范互联网信息服务使用域名的通知,2,（一）个人从事互联网信息服务的，域名注册者应为互联网信息服务者本人。,运营者要求
,工业和信息化部关于规范互联网信息服务使用域名的通知,3,（二）单位从事互联网信息服务的，域名注册者应为单位（含公司股东）、单位主要负责人或高级管理人员。,运营者要求
,工业和信息化部关于规范互联网信息服务使用域名的通知,4,互联网接入服务提供者应当按照《中华人民共和国反恐怖主义法》《中华人民共和国网络安全法》的要求，对互联网信息服务提供者的身份进行查验。互联网信息服务提供者不提供真实身份信息的，互联网接入服务提供者不得为其提供服务。,运营者要求
,工业和信息化部关于规范互联网信息服务使用域名的通知,5,域名注册管理机构、域名注册服务机构应当按照《互联网域名管理办法》和电信主管部门的要求，建设相应的信息管理系统，与“工业和信息化部ICP/IP 地址/域名信息备案管理系统”（以下简称备案系统）进行对接，报送域名注册相关信息。,法规部署
,工业和信息化部关于规范互联网信息服务使用域名的通知,6,域名注册管理机构、域名注册服务机构应当进一步加强域名真实身份信息注册管理，不得为未提供真实身份信息的域名提供解析服务。,法规部署
,工业和信息化部关于规范互联网信息服务使用域名的通知,7,"互联网接入服务提供者在为互联网信息服务提供者提供接入服务时，应通过备案系统查验域名注册者的真实身份信息，不提供真实身份信息的或者提供的身份信息不准确、不完整的，互联网接入服务提供者不得为其提供接入服务。本通知施行前已在备案系统中备案的域名除外。
互联网接入服务提供者应当定期通过备案系统核查互联网信息服务提供者使用域名的状态，对于域名不存在、域名过期且未提供真实身份信息等情形的，互联网接入服务提供者应停止为其提供接入服务。",运营者要求
,工业和信息化部关于规范互联网信息服务使用域名的通知,8,电信主管部门要督促互联网接入服务提供者、域名注册管理机构、域名注册服务机构按照上述要求开展业务，依法处理各类违法违规行为，将处理结果纳入企业信誉管理档案，并向社会公示。,法规部署
